article_ID,Date_num,Category,Title,Body
accf54ebc3,2025-03-09,Business,Apple Launches New AI-Powered Products,"<body>

<h1>Apple Launches New AI-Powered Products: A Strategic Analysis of Global Implications</h1>

<h2>Key Developments & Context</h2>
<p>The recent launch of Apple’s new suite of AI-powered products marks a pivotal moment in the intersection of technology, business, and geopolitics. The key players in this development include Apple, as the leading technology firm, and the global tech industry as a whole. Additionally, national governments, regulatory bodies, and emerging markets are critical stakeholders in this landscape. Apple’s move to incorporate AI into its product line signals not only the company's ambition to lead in cutting-edge innovation but also reflects broader trends in the tech ecosystem and the global power balance.</p>

<p>Apple has introduced several new AI-driven features in its products, including advanced machine learning algorithms for personalized experiences, AI-powered virtual assistants, and enhanced security features driven by artificial intelligence. These innovations are expected to reshape industries ranging from consumer electronics to healthcare and education. The driving forces behind this development are economic competition, technological advancement, and the growing demand for AI solutions globally. Apple’s ability to integrate AI at scale reflects its dominance in consumer technology and its potential to influence global markets.</p>

<p>The timing of this launch is also crucial. With increasing global emphasis on artificial intelligence, especially in the wake of major AI breakthroughs by companies like OpenAI, Google, and Microsoft, Apple's entry into this space is a signal of intent. Economically, the AI sector is one of the fastest-growing areas globally, with forecasts predicting trillions of dollars in market value over the next decade. Politically, countries around the world are adjusting their regulatory frameworks to manage AI’s disruptive effects on labor markets, privacy, and national security. Apple’s new products thus serve as both a technological leap and a strategic positioning in this highly competitive field.</p>

<h2>Strategic Significance & Global Implications</h2>
<p>The launch of AI-powered products by Apple carries far-reaching implications for international relations, security frameworks, and economic stability. On the global stage, this development signals a new era in tech diplomacy. The United States, as home to Apple, has long been a leader in shaping the rules of the digital economy. The AI-powered devices not only serve as a direct competitive challenge to companies in Europe and Asia but also place the U.S. at the forefront of global AI governance. This raises questions about how the U.S. will approach international regulation of AI technologies, given its leadership role in both innovation and surveillance capabilities.</p>

<p>From a security perspective, the integration of AI into consumer products brings concerns related to data privacy, cybersecurity, and national security. Governments worldwide, particularly in the European Union and China, are pushing for stricter data protection and artificial intelligence regulations. These regulatory shifts may force Apple to adapt its products and business strategies in different markets to comply with local laws. The EU’s General Data Protection Regulation (GDPR) and China’s new laws on AI and data protection are examples of how local regulations can influence global corporate strategy.</p>

<p>Economically, Apple’s new AI offerings represent a significant shift in the global tech market. The company’s influence as one of the most valuable firms in the world means its decisions have a ripple effect across industries, from software to hardware to supply chains. Apple’s AI integration will likely spur further competition, encouraging other tech giants like Microsoft, Samsung, and Huawei to innovate in this space. However, this may also raise concerns about market concentration and monopolistic behavior, as smaller players may struggle to compete with Apple’s massive financial and technological resources.</p>

<h2>Future Scenarios & Strategic Considerations</h2>
<p>Looking ahead, the future of AI-powered products and services is likely to follow several potential scenarios, influenced by current trends, policy shifts, and global dynamics. One possibility is the acceleration of AI integration into a wider range of industries, such as autonomous vehicles, healthcare, and education. Apple, with its extensive ecosystem of devices, could play a leading role in embedding AI into everyday life, making its offerings indispensable to consumers. This could enhance its market share but also invite regulatory scrutiny regarding the potential risks of AI dependency.</p>

<p>Another scenario is the geopolitical fragmentation of the tech world. The AI race is not just about technological innovation but also about global influence. Countries like China and the European Union are positioning themselves to lead in AI development while also safeguarding national interests. Apple’s AI advancements could face challenges in these markets, where regulatory barriers or local competition could limit its growth. The U.S.-China tech war, for instance, could intensify if AI becomes a focal point of economic and security rivalry. Apple's ability to navigate this shifting geopolitical landscape will be critical to its long-term success.</p>

<p>Technologically, the future of AI-powered products will hinge on breakthroughs in hardware and software integration. Apple’s expertise in hardware design, combined with advances in AI algorithms, could pave the way for more sophisticated and energy-efficient AI systems. However, challenges remain in terms of ensuring privacy, transparency, and fairness in AI applications. Governments and international organizations will need to collaborate to create frameworks for responsible AI development, which could be a significant area of focus in the coming years.</p>

<h2>Conclusion & Strategic Takeaways</h2>
<p>Apple’s launch of AI-powered products is a defining moment in the technological evolution of the global economy. The long-term consequences of this development will reverberate across various sectors, from consumer electronics to international trade to global regulatory frameworks. For governments, businesses, and international organizations, the rise of AI will require proactive measures to harness its potential while mitigating associated risks.</p>

<p>Strategically, policymakers will need to prioritize the development of AI governance frameworks that balance innovation with safety and security. Businesses should be aware of the shifting regulatory landscape and adapt their strategies accordingly, especially in markets with stringent data protection laws. At the same time, corporations like Apple have a responsibility to ensure that their AI products do not exacerbate inequalities or infringe upon privacy rights.</p>

<p>The key uncertainties surrounding the future of AI include the pace of technological development, regulatory responses, and the emergence of competing global powers. While the opportunities are vast, the risks—ranging from cyber threats to market monopolies—are significant. As AI technology evolves, so too will the geopolitical and economic dynamics, and stakeholders will need to stay agile and informed to navigate this complex, fast-changing environment.</p>

</body>"
0d030ed853,2025-03-09,Business,Microsoft Acquires AI Startup for $3 Billion,"<body>
  <h1>Microsoft Acquires AI Startup for $3 Billion: A Strategic Analysis of Global Implications</h1>

  <h2>Key Developments & Context</h2>
  <p>On March 8, 2025, Microsoft announced its acquisition of a cutting-edge AI startup for $3 billion, a move that signals a significant shift in the company’s strategic positioning within the global technology sector. The startup, known for its work in deep learning and neural networks, was seen as one of the most promising players in the AI space. The acquisition is part of Microsoft’s broader strategy to dominate the AI-driven future, following its recent investments in OpenAI, Azure AI, and other related technologies.</p>

  <p>The key players in this development are Microsoft, the AI startup, and various international stakeholders in the technology and regulatory sectors. Microsoft’s acquisition strategy is driven by the desire to expand its market share in artificial intelligence, particularly as AI becomes increasingly central to the digital transformation across industries. This acquisition follows a long line of tech consolidation trends seen across the globe, especially in Silicon Valley, where large firms have been scooping up emerging players to gain a technological edge.</p>

  <p>Economically, the $3 billion acquisition is reflective of the growing importance of AI in reshaping industries, from healthcare and finance to manufacturing and cybersecurity. Politically, it points to the strategic importance that nations are placing on technological sovereignty, with countries like China, the European Union, and the United States increasingly seeking to assert control over the development and deployment of AI technologies. Microsoft’s acquisition also highlights the increasing competition between tech giants for dominance in AI, a sector that is quickly becoming the backbone of modern economies.</p>

  <p>This development is not isolated. It is part of a broader global trend where governments and multinational corporations are investing heavily in AI research and acquisitions. It also connects to the geopolitical power struggle over technological supremacy, especially as AI is poised to revolutionize national security, economic competitiveness, and information control. For example, China’s ambitions to lead in AI research have already been well-documented, and its government continues to invest heavily in domestic startups and R&D projects. Similarly, the European Union’s regulatory approach to AI is evolving, with policies that could either encourage or stifle innovation depending on how they are implemented.</p>

  <h2>Strategic Significance & Global Implications</h2>
  <p>The acquisition of the AI startup by Microsoft is not only an important corporate maneuver, but it also has far-reaching implications for international relations, security frameworks, and economic stability. The immediate impact is a reinforcement of Microsoft’s dominance in the global tech market, particularly in AI. However, the acquisition also raises important questions about monopolistic behavior in the tech industry, especially as larger corporations consolidate power in critical emerging sectors.</p>

  <p>From a geopolitical standpoint, this acquisition may shift the balance of power in the AI race, with the U.S. continuing to assert its leadership over China and the European Union in the AI domain. The race to control AI technology has become an integral part of national security strategy for many countries, as AI has potential military applications in fields such as autonomous weapons, surveillance, and cyberwarfare. Microsoft’s move to acquire a leading AI firm may also influence national security strategies, prompting other nations to increase their own investments in AI or enact protective measures to ensure that their technological assets are not acquired by foreign entities.</p>

  <p>On the economic front, the deal could have a disruptive effect on global markets, particularly in the venture capital and startup ecosystem. This acquisition is another example of how large corporations are reshaping the competitive landscape, often acquiring startups at early stages to eliminate potential competition. While this fosters innovation within the acquiring companies, it also raises questions about the future of smaller players in the AI market, particularly when they are unable to compete with the vast resources of firms like Microsoft.</p>

  <p>Furthermore, this acquisition may have a significant impact on global trade and regulatory landscapes. Microsoft’s efforts to integrate the startup’s technology into its existing product suite may accelerate the development of AI-powered solutions for various industries. This could disrupt traditional markets and prompt other nations to update their regulatory frameworks for AI to ensure they are not left behind. However, the rapidly changing regulatory environment may also pose a challenge to Microsoft and other tech giants, as they must navigate the complexities of compliance in multiple jurisdictions, each with their own rules on data privacy, AI ethics, and cybersecurity.</p>

  <h2>Future Scenarios & Strategic Considerations</h2>
  <p>Looking ahead, there are several potential outcomes to consider based on this acquisition and broader trends in the global AI landscape. One scenario is that Microsoft will successfully integrate the startup’s technologies into its Azure cloud platform, positioning itself as the dominant player in AI as a service. This would give the company significant leverage in both the public and private sectors, especially as governments and businesses increasingly turn to cloud-based AI solutions for their operations.</p>

  <p>Another possible scenario is that the growing concern over monopoly power in the tech industry leads to stronger antitrust regulations, especially in the United States and Europe. Governments could introduce stricter laws aimed at preventing further consolidation in the tech space, which could limit Microsoft’s ability to continue acquiring smaller competitors. This, in turn, could open up opportunities for other players, particularly emerging firms in China or Europe, to carve out their own niche in the AI market.</p>

  <p>There are also several risks associated with this acquisition. The first is that Microsoft could face significant backlash from regulators, which could delay or prevent the integration of the acquired technologies. Additionally, there is the risk that the rapid pace of innovation in AI may outpace Microsoft’s ability to adapt, especially if smaller, more agile startups are able to develop breakthrough technologies outside of the corporate ecosystem. Lastly, there is the ever-present concern of technological obsolescence, as new advancements in AI could render the current wave of investments less valuable in the long term.</p>

  <p>In terms of opportunities, Microsoft’s acquisition could signal the beginning of a new phase in AI development, one where the company leverages its newfound technologies to create groundbreaking products and services that reshape industries. AI applications in healthcare, transportation, and education hold immense potential, and Microsoft’s dominant position in the tech ecosystem could allow it to lead the charge in these sectors. Furthermore, the acquisition could foster greater collaboration between Microsoft and governments, as both public and private sectors seek to harness AI’s capabilities for economic growth and national security.</p>

  <h2>Conclusion & Strategic Takeaways</h2>
  <p>The acquisition of an AI startup by Microsoft marks a pivotal moment in the ongoing global race for technological supremacy. This event highlights the convergence of corporate strategy, geopolitical dynamics, and regulatory challenges in the AI sector. As Microsoft consolidates its position, governments, businesses, and other stakeholders will need to carefully consider the long-term consequences for global stability, governance, and economic systems.</p>

  <p>From a policy perspective, governments should be vigilant in monitoring the growing influence of tech giants like Microsoft in shaping the future of AI. While such companies can drive innovation, they also possess the power to centralize control over critical technologies, which may have unintended societal consequences. For businesses, the focus should be on staying ahead of the curve in terms of AI innovation, while also being mindful of the evolving regulatory environment.</p>

  <p>Looking ahead, uncertainty remains around the pace of AI advancements and how they will be governed globally. While Microsoft’s acquisition is an important move in the short term, the long-term success of this acquisition will depend on how the company navigates the complex intersection of technology, policy, and geopolitics. The future of AI will undoubtedly shape the next era of global competition and cooperation, and this acquisition is just one of many steps along the way.</p>
</body>"
71f31f91e7,2025-03-09,Business,Tesla Expands Gigafactory in India,"<body>
    <h1>Tesla Expands Gigafactory in India: A Strategic Analysis</h1>
    
    <h2>Key Developments & Context</h2>
    <p>The announcement that Tesla is expanding its operations in India by building a new Gigafactory marks a significant moment in the evolution of global electric vehicle (EV) production. Tesla, under the leadership of Elon Musk, has been aggressively expanding its footprint worldwide, with India emerging as a key target for growth due to its large population, fast-growing economy, and increasing demand for sustainable technologies. The development of the Gigafactory is poised to become a game-changer in both the Indian automotive market and the broader EV sector.</p>
    
    <p>This decision comes in the wake of several years of discussions between Tesla and the Indian government, which has been keen to push forward the adoption of electric vehicles as part of its broader climate change and energy policy. In particular, India's commitment to achieving net-zero carbon emissions by 2070 has created a favorable policy environment for electric mobility. On the political front, Tesla's entry into India also represents a significant step in the intensifying competition between the United States and China for dominance in the global EV supply chain. Tesla’s decision to expand in India could lead to geopolitical shifts in Asia and a reconfiguration of the global EV market.</p>
    
    <p>Several factors are driving this expansion. Economically, India’s rapidly growing middle class and increased urbanization make it an attractive market for EVs. Politically, the Indian government has been offering various incentives to foreign companies, including Tesla, to set up manufacturing plants in the country. Additionally, there is a clear security dimension, as the U.S. seeks to diversify its supply chain and reduce dependency on China for EV production. This expansion could have a significant ripple effect on both local economies and international trade relations.</p>
    
    <h2>Strategic Significance & Global Implications</h2>
    <p>The expansion of Tesla’s Gigafactory in India has far-reaching consequences on international relations, security frameworks, and economic stability. Tesla’s entry into India not only accelerates the adoption of electric vehicles in the region but also strengthens the global push toward renewable energy and reduced carbon emissions. On a macroeconomic scale, this development can enhance India’s economic standing, as it will likely lead to increased job creation, technology transfer, and local manufacturing capabilities.</p>
    
    <p>Geopolitically, the decision to build a Gigafactory in India shifts the balance of power within Asia’s automotive and technology sectors. Historically, India has been seen as a secondary player compared to China, especially in manufacturing and technological innovation. Tesla’s choice to expand in India signals a possible reorientation of global supply chains and trade routes. The United States is keen to reduce its dependency on Chinese manufacturing, especially in sensitive industries like electric vehicle production and advanced batteries. By strategically investing in India, Tesla not only capitalizes on India’s rapidly growing consumer base but also strengthens the U.S.'s position within Asia, creating a counterbalance to Chinese economic influence.</p>
    
    <p>The shift toward EVs also brings with it major economic implications for global trade. The automotive industry, once dominated by internal combustion engine vehicles, is undergoing a major transformation. As EVs become more mainstream, countries like China, the U.S., and Europe will likely vie for control over the critical components of EV supply chains, such as batteries, semiconductors, and raw materials. Tesla’s decision to establish a Gigafactory in India could have ramifications for these global markets, especially given the centrality of the Asia-Pacific region in global trade. The availability of electric vehicles manufactured in India could lower costs and open up new markets, further accelerating the shift away from fossil fuel-dependent vehicles.</p>
    
    <h2>Future Scenarios & Strategic Considerations</h2>
    <p>The future of Tesla’s Gigafactory in India holds significant potential for both the company and the broader global EV industry. Given India’s growing middle class and ambitious environmental goals, the factory could become a cornerstone in the country’s path toward a more sustainable automotive sector. If successful, this move could establish India as a major player in the EV market, rivalling China in terms of production capacity and innovation. This, in turn, could open the door for other global manufacturers to consider India as a key hub for EV manufacturing.</p>
    
    <p>However, there are several risks associated with this expansion. The regulatory environment in India, while improving, still poses challenges in terms of local labor laws, infrastructure development, and potential bureaucratic delays. Tesla will need to navigate India’s complex political landscape, balancing relationships with both the central government and state authorities. There is also the question of how Tesla will manage its relationship with Chinese manufacturers, as the two countries are often at odds politically, despite the growing interdependence of their economies in the tech sector.</p>
    
    <p>Opportunities also abound, especially in the area of innovation. India’s growing emphasis on green energy and infrastructure could provide Tesla with valuable partnerships in renewable energy projects, battery production, and smart grid technology. In the medium to long term, Tesla’s expansion into India could lead to an acceleration in the development of a regional EV ecosystem, with an increase in the availability of charging infrastructure and renewable energy sources. This would create opportunities for innovation in the EV sector, with Tesla at the forefront of an emerging green revolution in Asia.</p>
    
    <h2>Conclusion & Strategic Takeaways</h2>
    <p>The expansion of Tesla’s Gigafactory in India represents a monumental shift in both the global automotive industry and international relations. This move aligns with the growing demand for sustainable energy solutions and electric vehicles, while also reshaping power dynamics between key global players. The long-term consequences of this development will likely be profound, not only for Tesla but for India’s role in the global economy, particularly in the renewable energy and technology sectors.</p>
    
    <p>From a strategic standpoint, policymakers, businesses, and international organizations must recognize the potential impact of Tesla’s move on global supply chains, economic growth, and geopolitical stability. The successful establishment of Tesla’s Gigafactory in India will depend on how well the company manages regulatory hurdles, political relationships, and competition from both local and global automotive players. Furthermore, the rapidly evolving nature of the EV market means that Tesla and other industry leaders must remain agile and responsive to new opportunities and risks in order to sustain long-term success.</p>
    
    <p>Looking forward, it is crucial for all stakeholders to consider the broader strategic implications of Tesla’s expansion in India, including the potential for innovation, the shifts in geopolitical influence, and the role of emerging markets in driving global economic growth. As such, governments, businesses, and investors must carefully assess the evolving landscape, identifying key inflection points and opportunities for collaboration to maximize their competitive advantage in the electric vehicle revolution.</p>
</body>"
198f36b822,2025-03-09,Economy,China's Economic Growth Slows Amid Global Challenges,"<body>
    <h1>China's Economic Growth Slows Amid Global Challenges</h1>
    
    <h2>Key Developments & Context</h2>
    <p>In recent years, China's economic growth has begun to slow, signaling potential shifts in global economic dynamics. This development is particularly significant considering China's historical rise as the second-largest economy in the world and its role as the primary engine of global growth. Several factors have contributed to this slowdown, including both internal challenges and external pressures, with significant implications for international trade, security, and governance.</p>
    
    <p>The key driving forces behind this slowdown are multifaceted. Internally, China's economic model has encountered significant stress due to its reliance on investment-driven growth, high levels of corporate debt, and a rapidly aging population. In addition, the government’s ongoing efforts to shift from an export-driven, manufacturing-based economy to one that is more consumption-driven have yet to yield substantial results. Externally, the ongoing trade tensions with the United States, the fallout from the COVID-19 pandemic, and disruptions in global supply chains have all compounded China's economic woes.</p>
    
    <p>Politically, the Chinese Communist Party's (CCP) commitment to maintaining control over key sectors of the economy, including technology and finance, has both constrained innovation and hampered necessary economic reforms. Furthermore, China’s “zero-COVID” policies, which resulted in strict lockdowns, contributed to the disruption of domestic production and the reduction in consumer spending. With the country grappling with these systemic challenges, China's economic growth rate in 2023 was recorded at 3%, far below the expectations of analysts and policymakers.</p>
    
    <p>In the international sphere, China's economic slowdown is also intricately linked to the broader global context. The growing tensions with the U.S. over trade, technology, and geopolitical influence, combined with the challenges posed by the Russian invasion of Ukraine, have led to a realignment of economic and political alliances. Additionally, China’s increased military presence in the Indo-Pacific region, particularly its assertiveness in the South China Sea and Taiwan Strait, has heightened regional security concerns, further complicating its economic trajectory.</p>

    <h2>Strategic Significance & Global Implications</h2>
    <p>The slowdown of China’s economic growth is not just a domestic issue; it has far-reaching implications for global relations, economic stability, and security frameworks. As the world's manufacturing hub and a major player in global trade, China’s economic difficulties threaten to create ripple effects that could destabilize the international financial system.</p>
    
    <p>In the realm of international relations, the slowdown exacerbates China’s diplomatic challenges. The economic pressure on Beijing is likely to fuel more aggressive foreign policies as the government seeks to maintain its influence and assert its leadership on the global stage. Already, China’s Belt and Road Initiative (BRI) is facing increased scrutiny, with many partner countries questioning the sustainability of large infrastructure projects funded through Chinese loans. As debt burdens rise in some of these countries, this could lead to a reevaluation of China’s role in the global development space, especially in regions like Africa and South Asia.</p>
    
    <p>Economically, a slowing China impacts global supply chains that depend on Chinese manufacturing and export capabilities. As China’s domestic consumption falters, so does the demand for raw materials and goods from major suppliers, such as Brazil, Australia, and oil-producing countries in the Middle East. Consequently, the global trade environment is becoming more unpredictable, with knock-on effects on markets for commodities, financial markets, and consumer products.</p>
    
    <p>Moreover, China’s economic slowdown presents an opportunity for other emerging markets, particularly India, to assert greater economic leadership. India, with its growing consumer base and a more flexible economy, could increasingly become an alternative to China for global manufacturers looking for lower-cost production bases. In the financial markets, the prospect of a prolonged Chinese slowdown could spur capital shifts, with investors seeking refuge in other emerging markets or established economies like the U.S. and Europe. Central banks in these regions may need to recalibrate their strategies, particularly in terms of interest rates and monetary policy, in response to China’s changing economic outlook.</p>

    <h2>Future Scenarios & Strategic Considerations</h2>
    <p>Looking ahead, there are several potential outcomes for China’s economic trajectory and its global impact. First, while the Chinese government is likely to implement stimulus measures to prop up growth in the short term, these measures may not be enough to address the underlying structural issues facing the economy. This means that China’s long-term growth rate may remain subdued, potentially marking a shift away from the rapid growth it enjoyed in the past decades.</p>
    
    <p>Another significant consideration is the potential for increased geopolitical tensions. As China’s economic influence wanes, it may intensify its military assertiveness in key regions, particularly in the South China Sea and over Taiwan. This could lead to greater instability in the Indo-Pacific, with countries like the U.S., Japan, and Australia potentially increasing their military and economic engagement in the region to counterbalance China’s growing strategic ambitions.</p>
    
    <p>On the economic front, we may see further fragmentation in the global supply chain, with countries and businesses seeking to diversify their trade dependencies away from China. The ongoing U.S.-China decoupling process, particularly in the tech sector, will likely intensify, with Western countries looking to limit China’s access to cutting-edge technologies, especially in fields such as semiconductors and artificial intelligence.</p>
    
    <p>For governments and corporations, the key risks lie in the volatility of global markets and the uncertainty of Chinese policy. However, there are also opportunities for firms that can strategically align themselves with new economic centers, such as India, Southeast Asia, and Africa. Technological advancements, particularly in automation and artificial intelligence, may help businesses navigate these new dynamics, ensuring their competitiveness in an increasingly multipolar global economy.</p>

    <h2>Conclusion & Strategic Takeaways</h2>
    <p>China’s economic slowdown represents a critical inflection point in the global economy, with implications for international relations, trade, and security. As China grapples with its internal challenges and external pressures, the global economic order is being reshaped in real-time. For policymakers and businesses, understanding the broader trends shaping China’s economic outlook is crucial to navigating the complexities of this new environment.</p>
    
    <p>In the long term, the global economy may shift toward a more diversified model, where emerging markets such as India, Southeast Asia, and Latin America play an increasingly prominent role in global trade and investment. Meanwhile, China will likely continue to be a critical player in the international system, but its ability to shape the global economy may diminish if its internal reforms are unsuccessful or if global tensions continue to mount.</p>
    
    <p>For policymakers, the key takeaway is the importance of maintaining flexibility in foreign policy and economic strategies. Diversification of trade partners, technological innovation, and security alliances will be essential in adapting to a rapidly changing global landscape. Additionally, understanding the internal dynamics of China—its economic policies, political structure, and social issues—will be vital for anticipating future risks and opportunities in a world that is increasingly interdependent but also more fragmented in its power structures.</p>
    
    <p>As uncertainties persist, it is essential for all stakeholders to stay agile, reassess their strategies regularly, and be prepared for shifts in both economic and geopolitical landscapes that may arise from China’s evolving role in the global system.</p>
</body>"
747f8a3762,2025-03-09,Economy,Global Inflation Rate Eases Slightly in March 2025,"<body>
    <h1>Global Inflation Rate Eases Slightly in March 2025: A Strategic Analysis</h1>
    
    <h2>Key Developments & Context</h2>
    <p>The global inflation rate has shown signs of easing slightly in March 2025, signaling a potential shift in the long-running period of high inflation that has dominated the global economy since 2020. This development is significant as it comes after years of intense economic uncertainty and volatility, largely driven by the aftermath of the COVID-19 pandemic, the Russia-Ukraine conflict, supply chain disruptions, and rising commodity prices. The reduction in inflationary pressures has been noted across various regions, with some emerging markets seeing sharper declines than advanced economies.</p>
    
    <p>The major players in this development are the United States, China, the European Union, and emerging economies in Asia and Latin America. Central banks, particularly the Federal Reserve (US), the European Central Bank (ECB), and the People's Bank of China, have taken central roles in responding to the inflation crisis with aggressive monetary policies, including interest rate hikes and quantitative tightening. The global response to inflation has been influenced by a delicate balance between mitigating inflation while avoiding a deep recession. The March 2025 data reveals a tentative easing, but it remains a subject of scrutiny given the long-term effects of monetary tightening.</p>
    
    <p>Several factors have contributed to this development. On the one hand, supply chain bottlenecks appear to have lessened, aided by improved logistics and a shift in global trade patterns. On the other hand, slowing demand from key economies, especially in the wake of tightening fiscal policies, has also played a crucial role. Additionally, commodity prices, especially energy prices, have seen some stability after years of volatility, further contributing to the easing of inflationary pressures.</p>
    
    <p>However, it is essential to note that the global inflation rate remains far above pre-pandemic levels. While inflation is easing slightly, it is not disappearing, and policymakers remain cautious, considering the possibility of future disruptions—be it due to geopolitical tensions, new pandemic waves, or energy crises. This evolving dynamic needs to be understood in the broader context of the global economic recovery, which remains fragile and uneven.</p>
    
    <h2>Strategic Significance & Global Implications</h2>
    <p>The easing of the global inflation rate carries substantial implications for international relations, security frameworks, and economic stability. First and foremost, the reduction in inflation provides some relief for households worldwide, especially in countries like the United States and the Eurozone, where inflation has reached unprecedented levels in recent years. This may help restore some consumer confidence and mitigate social unrest, which had been rising in many parts of the world due to the erosion of real wages.</p>
    
    <p>From a geopolitical perspective, the easing of inflation impacts the broader strategic posture of central powers. In particular, the US and China have been locked in a complex economic competition, which has included trade tensions and the realignment of global supply chains. As the inflationary pressures reduce, the US Federal Reserve may begin to ease its hawkish stance, which could have ripple effects on emerging market economies that have faced significant financial strain due to high interest rates. A more accommodative US policy could provide some breathing room for these markets, potentially affecting US-China relations as well as China's efforts to stimulate domestic demand.</p>
    
    <p>In Europe, the European Central Bank’s monetary policy has been a critical element in managing inflation. While inflation is cooling, the ECB faces challenges regarding its dual mandate of price stability and supporting economic growth. The ECB’s decisions on interest rates will have lasting consequences for the stability of the Eurozone. A protracted economic slowdown in key economies like Germany and France, exacerbated by high energy costs, could weaken the EU’s cohesion and undermine the Union’s efforts to remain a strategic global player.</p>
    
    <p>Furthermore, the easing of global inflation also has implications for trade relations and the structure of global markets. As inflationary pressures reduce, supply chain disruptions may begin to ease, reducing some of the cost pressures faced by global corporations. Companies that have faced high input costs due to the surge in commodity prices may find a more favorable environment for profitability, which could result in a shift in global trade patterns. Countries that are heavily dependent on imports of key goods like energy, food, and technology components will benefit from the reduction in prices.</p>
    
    <p>In terms of global financial markets, the cooling of inflation provides a clearer outlook for global equities, particularly in the emerging markets that have struggled with capital outflows due to high interest rates in the US and other advanced economies. Central banks may also face less pressure to raise rates further, creating a more stable environment for global investors.</p>
    
    <h2>Future Scenarios & Strategic Considerations</h2>
    <p>Looking ahead, several potential scenarios could unfold, depending on how current trends in inflation, monetary policy, and global geopolitics evolve. If the inflationary trend continues to ease in the coming months, it could mark the beginning of a gradual economic normalization process. Central banks might shift to more dovish stances, which could create favorable conditions for business investment and global growth. However, if inflationary pressures re-emerge due to geopolitical events or new disruptions in energy or food markets, we could see a reversal in monetary tightening, which could bring new challenges for global economies.</p>
    
    <p>One of the key risks to global economic stability lies in the possibility of renewed energy price shocks, which have historically been a major driver of inflation. In particular, any further escalation of the Russia-Ukraine conflict could lead to significant disruptions in European energy supplies, thus reigniting inflationary pressures. Additionally, technological shifts, such as the rise of artificial intelligence or the green energy transition, could reshape the global economy, either accelerating or dampening inflation depending on their implementation and market adoption.</p>
    
    <p>Another potential inflection point is the potential restructuring of the global supply chain. The disruptions caused by the pandemic, combined with geopolitical tensions, have forced countries to rethink their dependencies on foreign supply chains. The trend of “onshoring” and “nearshoring” is expected to continue, which could both mitigate future inflation risks and create new economic challenges as countries adapt to these changes.</p>
    
    <p>For governments, businesses, and international organizations, it is crucial to remain vigilant in the face of shifting inflationary trends. Policymakers must ensure that their economic policies are flexible enough to respond to unexpected shocks. Corporations must adapt their strategies to mitigate the risks associated with potential future price instability, particularly in energy markets. International organizations, such as the IMF and the World Bank, will need to continue providing financial support to vulnerable economies that may struggle with inflationary or financial pressures.</p>
    
    <h2>Conclusion & Strategic Takeaways</h2>
    <p>The easing of the global inflation rate in March 2025 signals a significant shift in the global economic landscape, but it remains a delicate balancing act. As inflationary pressures cool, the global economy faces the prospect of a slow recovery, though the risks of future disruptions remain high. The long-term consequences for global stability will depend on how well countries and international organizations can adapt to evolving conditions, particularly with respect to geopolitical events, energy markets, and technological advancements.</p>
    
    <p>For policymakers, the strategic takeaway is to maintain a flexible economic policy framework that allows for quick adjustments in response to inflationary pressures or external shocks. Businesses, on the other hand, should focus on supply chain resilience and diversification, as well as actively monitoring energy and commodity price trends to anticipate potential cost fluctuations. Finally, international organizations must continue to prioritize economic cooperation and stability, especially in the face of emerging economic and geopolitical challenges.</p>
    
    <p>The future remains uncertain, but the strategic decisions made today will shape the global economic environment for years to come. Policymakers and businesses alike must remain adaptable, balancing short-term stabilization with long-term planning to secure a stable and prosperous global future.</p>
</body>"
f7e9c4b10a,2025-03-09,Economy,IMF Announces Financial Aid Package for Sri Lanka,"<body>
    <h1>IMF Announces Financial Aid Package for Sri Lanka: Strategic Analysis</h1>

    <h2>Key Developments & Context</h2>
    <p>
        The International Monetary Fund (IMF) recently announced a significant financial aid package for Sri Lanka, marking a pivotal moment in the island nation's economic recovery. Sri Lanka, which has been grappling with severe economic turmoil, received approval for a loan agreement under the IMF's Extended Fund Facility (EFF) to stabilize its faltering economy. This decision comes amidst a dire crisis characterized by inflation, foreign currency shortages, and mounting public debt, which have collectively triggered widespread protests and political instability within the country. Key players in this development include the IMF, Sri Lankan leadership, and international financial institutions.
    </p>
    <p>
        Sri Lanka’s economic troubles have roots in a variety of factors, including heavy reliance on imports, particularly fuel, and a decline in tourism following the COVID-19 pandemic. In addition, the nation's fiscal mismanagement, exacerbated by the Easter Sunday bombings in 2019 and the subsequent pandemic, contributed to the country's debt distress. International creditors and multilateral institutions, including the IMF, have stepped in with an urgent focus on restructuring Sri Lanka's debt and implementing crucial economic reforms to restore financial stability.
    </p>
    <p>
        The IMF's aid package will provide Sri Lanka with much-needed capital and policy guidance to initiate critical reforms. The package is not just a financial lifeline; it is also a strong signal of the IMF's continued engagement in South Asia, a region of increasing geopolitical importance. Furthermore, the IMF's decision is shaped by a global context that sees the rise of new geopolitical dynamics, particularly with China’s growing influence in the region, and the strategic importance of South Asia to global trade routes, security, and energy flows.
    </p>

    <h2>Strategic Significance & Global Implications</h2>
    <p>
        The IMF's financial assistance to Sri Lanka holds significant strategic importance for both regional and global stability. The IMF's involvement reaffirms the crucial role of multilateral institutions in managing systemic financial crises in emerging markets. This aid package has far-reaching implications for international relations and economic stability, not only for Sri Lanka but for the broader South Asian region.
    </p>
    <p>
        One of the most striking aspects of this development is the geopolitical dimension. Sri Lanka, located at the crossroads of major maritime trade routes in the Indian Ocean, holds immense strategic value. This IMF-backed stabilization effort could alter the power dynamics in the region, especially in relation to China’s growing influence. Beijing has been heavily involved in Sri Lanka’s infrastructure projects, particularly the controversial Hambantota port, which has raised concerns in Washington and New Delhi over the potential for debt-trap diplomacy. 
    </p>
    <p>
        In this light, the IMF’s aid package represents not only an economic lifeline for Sri Lanka but also a subtle counterbalance to China’s financial influence in the region. While China’s Belt and Road Initiative (BRI) continues to expand, the IMF's role signals a reassertion of Western-backed multilateral economic support. It also highlights a shift toward more sustainable economic partnerships, as the IMF conditions the loan package on the implementation of fiscal reforms and debt restructuring that align with market-driven principles, rather than concessional or non-transparent arrangements.
    </p>
    <p>
        Beyond geopolitical considerations, the IMF's decision has broader economic implications. The financial package provides Sri Lanka with the necessary tools to stabilize its currency, reduce inflation, and restore investor confidence. This in turn could lead to a positive ripple effect on other emerging markets facing similar debt crises. Global financial markets will closely monitor the success or failure of the Sri Lankan reforms, as they could signal the viability of similar strategies in other vulnerable economies.
    </p>

    <h2>Future Scenarios & Strategic Considerations</h2>
    <p>
        Looking ahead, Sri Lanka’s future remains uncertain, as the success of the IMF's financial aid package hinges on the country’s ability to implement the required reforms. The IMF has insisted on structural changes, including fiscal consolidation, tax reforms, and the reduction of subsidies, which will likely face resistance from Sri Lanka’s domestic political stakeholders. These measures could lead to further social unrest if the government fails to manage the socioeconomic consequences of austerity.
    </p>
    <p>
        If Sri Lanka successfully navigates these challenges, it could set a precedent for other nations in the Global South facing similar economic distress. The reforms could lead to a period of stabilization, providing Sri Lanka with the breathing space it needs to diversify its economy, increase exports, and attract foreign investment. However, these outcomes are far from guaranteed, and several key risks remain on the horizon.
    </p>
    <p>
        From a global perspective, this development highlights the broader trend of emerging market economies confronting structural vulnerabilities in an increasingly volatile global environment. With the rise of protectionism, economic nationalism, and trade wars, nations like Sri Lanka are caught in the crosshairs of global competition for resources, markets, and investment. The global financial community will likely keep a close eye on Sri Lanka’s reforms as a test case for the future of multilateral financial support and crisis management in an increasingly multipolar world.
    </p>
    <p>
        Furthermore, technological innovation, particularly in digital finance and blockchain, may alter the landscape of international financial support in the future. If Sri Lanka can leverage these technologies, it might mitigate some of the risks associated with traditional financial models and find new avenues for sustainable growth. However, such innovations also introduce new vulnerabilities, particularly in terms of cybersecurity and the regulation of digital currencies.
    </p>

    <h2>Conclusion & Strategic Takeaways</h2>
    <p>
        The IMF’s financial aid package for Sri Lanka marks a critical moment in the country’s ongoing struggle for economic stability. The immediate impact of the loan package will be felt through currency stabilization, inflation control, and fiscal reforms. However, the long-term implications of this aid will extend far beyond Sri Lanka’s borders, influencing regional and global geopolitical dynamics.
    </p>
    <p>
        The strategic takeaway for policymakers is the importance of multilateral engagement in addressing global economic challenges. While national sovereignty remains paramount, cooperation with international institutions like the IMF is essential for navigating financial crises and fostering long-term stability. For businesses, particularly those involved in trade and investment in South Asia, it will be crucial to stay attuned to the economic and political developments in Sri Lanka, as they could signal broader regional shifts.
    </p>
    <p>
        Key uncertainties remain, particularly regarding Sri Lanka’s ability to implement necessary reforms and maintain political stability during a period of economic austerity. Alternative pathways, such as stronger bilateral agreements with China or the exploration of regional economic initiatives outside the IMF framework, could reshape Sri Lanka’s trajectory. Nevertheless, the IMF’s involvement, despite its challenges, signals a commitment to multilateral solutions for global financial stability.
    </p>
</body>"
ca6e1abf58,2025-03-09,Politics,New Elections in Israel Amid Political Crisis,"<body>
    <h1>New Elections in Israel Amid Political Crisis</h1>

    <h2>Key Developments & Context</h2>
    <p>
        The recent announcement of new elections in Israel amidst a profound political crisis marks a critical juncture in the country’s domestic and foreign policy landscape. The key players involved are Prime Minister Benjamin Netanyahu and his government, various opposition factions, as well as influential international actors such as the United States, the European Union, and regional powers like Iran and Saudi Arabia. The decision to call for new elections follows months of political turmoil, marked by widespread protests against the government's controversial judicial reforms and Netanyahu’s ongoing corruption trial.
    </p>
    <p>
        The driving forces behind this development are multifaceted. Domestically, Israel has been grappling with deepening divisions over judicial reforms that critics argue undermine the independence of the judiciary, while supporters contend the reforms are necessary to curb judicial overreach. The political crisis also involves Netanyahu's leadership and his perceived erosion of democratic norms, a situation exacerbated by his legal troubles. 
    </p>
    <p>
        From an economic standpoint, Israel's stability has been threatened by political gridlock, leading to reduced investor confidence, a weakening currency, and an uncertain business environment. Security concerns are also rising, particularly given the escalating tensions between Israel and Palestinian militants, as well as growing regional instability. This political crisis cannot be viewed in isolation but rather as part of a broader global trend of rising populism and nationalist movements that challenge traditional democratic institutions.
    </p>
    <p>
        The decision to hold new elections is a response to these pressures, and it reflects a broader pattern seen in other democracies where political systems are strained under the weight of populist movements and institutional challenges. In recent years, Israel’s political system has become increasingly fragmented, with coalition governments struggling to maintain cohesion, and the new elections may mark the beginning of a more profound political reordering in the country.
    </p>

    <h2>Strategic Significance & Global Implications</h2>
    <p>
        The strategic significance of Israel's political crisis and the subsequent call for new elections extends far beyond its borders. Israel is a key ally of the United States and plays a pivotal role in the Middle East, especially in relation to security and defense issues. The political instability within Israel could have far-reaching consequences for international relations, especially in the context of ongoing tensions with Iran over its nuclear program and its regional proxies.
    </p>
    <p>
        One of the primary international implications of this political crisis is the potential shift in Israel's security strategy. A change in leadership could lead to a reassessment of its approach to Iran, Palestinian territories, and its alliances with Arab countries, particularly the Gulf States. For instance, the normalization of relations between Israel and countries like the UAE, Bahrain, and Saudi Arabia under the Abraham Accords may be jeopardized if Israel's domestic political instability undermines its credibility as a reliable partner in regional security.
    </p>
    <p>
        Additionally, Israel's relationship with the United States could also be affected by these developments. Netanyahu’s close relationship with former President Donald Trump was a cornerstone of Israel’s foreign policy for years. However, under President Joe Biden, there have been growing concerns in the U.S. about Israel’s internal political dynamics and the potential erosion of democratic principles. The current political crisis could influence the trajectory of U.S.-Israel relations, with Washington possibly reevaluating its support for Netanyahu’s government if the situation continues to deteriorate.
    </p>
    <p>
        The crisis also carries economic implications, both for Israel and the broader international community. As a highly developed economy, Israel plays a central role in global technology markets, particularly in cybersecurity and innovation. Political instability could result in a slowdown in economic growth, diminished foreign investment, and potential shifts in the technology sector. Furthermore, changes in Israel’s domestic situation could have a cascading effect on financial markets, especially in the context of a volatile Middle East.
    </p>

    <h2>Future Scenarios & Strategic Considerations</h2>
    <p>
        Looking ahead, several potential scenarios could emerge as a result of the political crisis in Israel. One possibility is that new elections could result in a coalition government that is more stable and able to bridge the ideological divides within Israeli society. If such a government emerges, it could restore investor confidence, stabilize the economy, and shift the focus back to national security and international diplomacy. A more moderate government might be able to renew negotiations with the Palestinian leadership and pursue a more balanced approach to regional security.
    </p>
    <p>
        Alternatively, the crisis could deepen, leading to further polarization and instability. If Israel’s political system continues to fragment, it may face the prospect of frequent elections and coalition governments, which would undermine its ability to address key security challenges, such as the Iranian nuclear threat and the ongoing conflict with Palestinian factions. This scenario could also have broader implications for Israel’s relationships with its regional partners, as well as its standing in the international community.
    </p>
    <p>
        Key risks and opportunities will emerge depending on how the situation unfolds. For Israel, the most immediate risk is the erosion of domestic political norms and the weakening of democratic institutions, which could undermine its international standing. On the other hand, a potential opportunity lies in the possibility of a new generation of leaders rising to prominence, who may be able to break the political gridlock and reinvigorate Israel’s position in the Middle East.
    </p>
    <p>
        For international stakeholders, such as the United States, European Union, and regional powers, this crisis presents a chance to influence Israel’s political trajectory. Strategic engagement and diplomatic efforts could help steer Israel toward a more stable and cooperative political environment. The evolving role of technology and security innovations, such as AI-driven defense systems and cybersecurity solutions, will also play a key role in shaping Israel’s future trajectory and its ability to navigate the complex political landscape.
    </p>

    <h2>Conclusion & Strategic Takeaways</h2>
    <p>
        The long-term consequences of Israel’s political crisis will likely reverberate across global governance, security frameworks, and economic systems. The potential destabilization of Israel’s political structure presents a significant challenge to regional and global stability, given Israel's key role in the Middle East. However, the crisis also presents an opportunity for political reforms that could rejuvenate Israel’s democratic institutions and fortify its alliances in the region.
    </p>
    <p>
        From a strategic standpoint, international actors must carefully monitor the situation in Israel and be prepared to engage diplomatically to ensure that the political crisis does not escalate into a broader regional conflict. Policymakers should prioritize fostering stability within Israel’s political system while also strengthening efforts to maintain peace and security in the Middle East.
    </p>
    <p>
        For businesses and international organizations, the crisis may introduce both risks and opportunities. While political instability could dampen investor confidence in the short term, the evolving geopolitical situation could create new opportunities for strategic partnerships and technological innovation in defense and security sectors.
    </p>
    <p>
        Ultimately, the political trajectory of Israel in the coming months will be shaped by the interplay of domestic political forces, regional security challenges, and international diplomatic efforts. Key uncertainties include the potential for further political fragmentation or the emergence of a new, more stable government. Policymakers must remain agile, anticipating various pathways and preparing for the evolving dynamics of this significant political development.
    </p>

</body>"
0efe6d25ee,2025-03-09,Politics,Ongoing Conflict in Ukraine,"<body>
    <h1>Ongoing Conflict in Ukraine: A Strategic Analysis</h1>

    <h2>Key Developments & Context</h2>
    <p>The ongoing conflict in Ukraine, which began with Russia's annexation of Crimea in 2014 and escalated in February 2022 with a full-scale invasion, has been one of the most significant and contentious geopolitical events of the 21st century. Key players in this conflict include Russia, Ukraine, NATO, the European Union, and the United States. Over the past decade, this conflict has evolved from a regional dispute into a global confrontation that has implications for international security, economic stability, and the future of global governance.</p>

    <p>The roots of the conflict can be traced to historical tensions between Russia and Ukraine, as well as broader geopolitical struggles between Russia and Western powers. Ukraine, a former Soviet republic, declared independence in 1991 following the dissolution of the USSR. Since then, the country has oscillated between aligning with Russia and pursuing closer ties with the European Union and NATO, a shift that has led to internal divisions and external provocations. Russia views Ukraine's Westward pivot as a direct threat to its strategic interests, particularly the potential expansion of NATO, which it perceives as an encroachment on its sphere of influence.</p>

    <p>The invasion in 2022 was triggered by Russia’s demands for Ukraine to remain neutral and reject NATO membership, as well as its broader ambition to reassert control over what it considers to be its historical territory. The invasion has been met with fierce resistance from the Ukrainian military, supported by extensive military aid from the West, particularly from the United States, the EU, and NATO members. This has led to a protracted war, with devastating humanitarian impacts and widespread destruction.</p>

    <p>The driving forces behind the conflict are multifaceted. Economically, Russia is seeking to retain its influence over key energy transit routes, particularly natural gas supplies to Europe. Politically, Russia is attempting to reassert itself as a global power and prevent the West from further encroaching on its periphery. Security considerations are also central, as Russia views the expansion of NATO as a direct threat to its strategic stability. On the Ukrainian side, the desire for sovereignty, territorial integrity, and closer integration with Europe remains a key motivating factor, as well as a broader aspiration for democratic reforms.</p>

    <p>In terms of global trends, the Ukraine conflict highlights the increasing polarization between the West and Russia, echoing the Cold War dynamics. It also reflects the ongoing competition for influence in post-Soviet spaces, particularly in the context of the broader strategic rivalry between the United States and China, as well as the growing concern about global security architecture in an era of multipolarity.</p>

    <h2>Strategic Significance & Global Implications</h2>
    <p>The Ukraine conflict has profound implications for international relations, security frameworks, and economic stability. From a geopolitical perspective, the war has redefined the security landscape of Europe and beyond. The North Atlantic Treaty Organization (NATO) has been reinvigorated, with member countries stepping up defense spending and extending military aid to Ukraine. The United States has played a leading role in organizing and providing support for Ukraine, both militarily and economically, but it has also had to navigate a delicate balancing act to avoid direct confrontation with Russia. The expansion of NATO, driven by a desire for collective security, has further strained relations with Russia, leading to an arms race and heightened tensions along Eastern Europe's borders.</p>

    <p>Economically, the war has had a dramatic impact on global markets, particularly in energy and food sectors. Russia’s control over natural gas and oil supplies has made energy prices volatile, and Western sanctions on Russian energy exports have contributed to a global energy crisis. The sanctions have severely strained the Russian economy, but they have also had ripple effects worldwide, especially in Europe, where countries dependent on Russian energy have had to seek alternative sources of supply. This has accelerated Europe's shift towards renewable energy and diversification of its energy sources, although these transitions will take years to fully materialize.</p>

    <p>The global trade system has also been disrupted, with supply chains facing significant challenges due to sanctions, trade restrictions, and the ongoing conflict. For instance, Ukraine is a major exporter of grain, and the war has interrupted agricultural production, leading to a global food shortage, particularly in the Middle East and North Africa. This has exacerbated food insecurity in many regions, heightening geopolitical instability and increasing the strain on international aid organizations.</p>

    <p>The conflict has also had a ripple effect on international regulatory landscapes, particularly in the realm of cybersecurity and defense policy. Both Russia and Ukraine have engaged in cyber warfare, with significant attacks on critical infrastructure, financial institutions, and government networks. The increase in cyber threats is pushing nations and international organizations to reevaluate their cybersecurity frameworks and develop stronger defenses against state-sponsored cyberattacks.</p>

    <h2>Future Scenarios & Strategic Considerations</h2>
    <p>Looking ahead, the future of the Ukraine conflict is uncertain, and several scenarios could unfold based on current trends and shifts in geopolitical alignments. One possible scenario is a protracted stalemate, where neither Russia nor Ukraine can achieve a decisive victory. This would likely result in a frozen conflict with continued economic, social, and military costs for all parties involved. A prolonged conflict could lead to greater international involvement, with increased military aid to Ukraine and more robust sanctions on Russia. This could, in turn, lead to further economic isolation for Russia, possibly pushing it closer to China in an effort to counterbalance the West.</p>

    <p>Another potential scenario is a negotiated settlement, where Russia and Ukraine come to the table to discuss terms of peace, perhaps brokered by neutral parties such as Turkey or the United Nations. However, this would require significant concessions from both sides, which may be politically unfeasible in the current environment. Additionally, any peace agreement would need to address critical issues such as territorial integrity, the status of Crimea, and Ukraine's future alignment with NATO and the European Union.</p>

    <p>There are also risks of escalation, particularly if nuclear weapons are used or if other regional actors, such as Belarus or Moldova, become directly involved. The use of tactical nuclear weapons by Russia, while unlikely, cannot be ruled out, and would represent a dramatic shift in the conflict's dynamics, with far-reaching consequences for global security. The threat of escalation has already prompted NATO to increase its military readiness and to strengthen its deterrence posture in Eastern Europe.</p>

    <p>Technologically, the conflict is likely to lead to further innovations in warfare, particularly in areas like unmanned systems, drones, and artificial intelligence. These technologies are already playing a significant role in the conflict, and their use is expected to increase as both sides seek to gain an edge. Moreover, advancements in cyber capabilities and space-based technologies are becoming integral to the modern battlefield, further complicating the strategic calculus for both Russia and the West.</p>

    <h2>Conclusion & Strategic Takeaways</h2>
    <p>The ongoing conflict in Ukraine is a watershed moment in global geopolitics, with profound implications for international stability, security, and economic systems. As the war continues, its effects are rippling out across the globe, reshaping alliances, altering global trade flows, and driving technological innovation in warfare. The strategic significance of the conflict cannot be overstated, as it highlights the fragility of the post-Cold War international order and the growing competition between global powers.</p>

    <p>For policymakers, the strategic takeaways from this conflict are clear: the West must maintain a united front in its support for Ukraine, ensuring that military aid and sanctions remain effective while avoiding direct military confrontation with Russia. It is also crucial to mitigate the economic and humanitarian fallout of the conflict, particularly through diplomatic channels aimed at resolving the food and energy crises. Businesses and international organizations will need to prepare for a new era of geopolitical uncertainty, with an increased focus on resilience in supply chains, energy security, and cybersecurity.</p>

    <p>In conclusion, the Ukraine conflict is not just a regional dispute; it is a global challenge that requires a coordinated, strategic response. While the path forward is uncertain, the outcomes of this conflict will undoubtedly shape the future of international relations for years to come.</p>
</body>"
f8a43f16d5,2025-03-09,Politics,US Senate Approves $1.7 Trillion Spending Bill,"<body>
    <h1>US Senate Approves $1.7 Trillion Spending Bill: A Strategic Analysis</h1>
    
    <h2>Key Developments & Context</h2>
    <p>The US Senate's recent approval of a $1.7 trillion spending bill marks a significant political development with far-reaching consequences. The bill, aimed at funding government operations, national defense, and various domestic programs, comes amid a backdrop of heightened global tensions, economic challenges, and shifting domestic priorities. The legislation passed with broad bipartisan support but has also faced substantial opposition from various factions within both political parties, reflecting the polarized nature of US politics.</p>
    
    <p>At its core, the bill represents a monumental allocation of resources aimed at stabilizing the US government’s fiscal footing, maintaining military readiness, and bolstering domestic economic growth through investments in social programs, infrastructure, and technology. The key players involved in this development include US President Joe Biden, Senate Majority Leader Chuck Schumer, Senate Minority Leader Mitch McConnell, and the broader US Congress, as well as various interest groups ranging from defense contractors to environmental organizations.</p>
    
    <p>The driving forces behind this spending package are multifaceted. Economically, the US is grappling with inflationary pressures, supply chain disruptions, and the lingering effects of the COVID-19 pandemic. Politically, the bill reflects an attempt to balance fiscal responsibility with the need to address pressing social and security concerns. Security factors also play a critical role, with a significant portion of the bill allocated to defense spending, in response to ongoing geopolitical instability, particularly in Eastern Europe and the Indo-Pacific region. Furthermore, the US is confronting a rising China and a more assertive Russia, both of which have influenced US defense and diplomatic priorities in recent years.</p>
    
    <p>On the global stage, the bill intersects with ongoing trends in international relations. For example, the US’s defense spending continues to outpace that of other major powers, reinforcing its position as a global military leader. The economic components of the bill also align with efforts to counterbalance China’s Belt and Road Initiative by strengthening US infrastructure and technological capabilities. As such, this spending package is not only an internal US policy decision but is deeply intertwined with broader international economic and geopolitical dynamics.</p>

    <h2>Strategic Significance & Global Implications</h2>
    <p>The approval of the $1.7 trillion spending bill has immediate and long-term implications for international relations, security frameworks, and global economic stability. On the one hand, the bill bolsters US power projection capabilities, particularly through its defense budget. With a renewed focus on countering China’s rising influence in Asia and reinforcing NATO commitments in Eastern Europe, the bill signifies a commitment to maintaining US dominance in key strategic regions. The reinforcement of US military presence in the Indo-Pacific, as well as the additional funds for technological advancements, demonstrates a calculated strategy to counter adversaries in the technological and cybersecurity domains.</p>
    
    <p>Geopolitically, the passing of the bill can be seen as part of a broader shift in the global balance of power. The substantial military allocations in the bill come at a time when the US is reasserting itself as a primary actor in global security, particularly in the face of an increasingly assertive Russia and China. The US's response to Russia’s invasion of Ukraine, for instance, has already resulted in significant military and financial support for Ukraine. Additionally, the bill contains provisions for reinforcing US alliances in the Pacific and Europe, strengthening defense ties with countries like Japan, South Korea, and NATO members, which can be seen as part of a broader effort to contain authoritarian regimes.</p>
    
    <p>Economically, the bill provides critical support for US domestic industries, including technology and infrastructure. By allocating funds to the development of cutting-edge technologies such as artificial intelligence, quantum computing, and renewable energy, the US is seeking to maintain its technological edge in the face of intense competition from China. The economic provisions of the bill also include tax incentives for green energy and infrastructure projects, positioning the US to lead in global environmental sustainability efforts. However, the bill’s overall economic impact also raises concerns about long-term fiscal sustainability, as the increase in government spending is expected to contribute to the national debt.</p>
    
    <p>Furthermore, the legislation contains provisions that could have broader implications for global trade. By investing in US infrastructure and industry, the bill may lead to increased demand for raw materials and intermediate goods, potentially impacting global supply chains. Additionally, the emphasis on green technologies may accelerate the global transition to renewable energy sources, creating new economic dynamics in the energy market.</p>

    <h2>Future Scenarios & Strategic Considerations</h2>
    <p>Looking ahead, several key outcomes could emerge from the passage of this spending bill, which will likely shape the trajectory of US foreign policy, economic strategies, and global security arrangements.</p>
    
    <p>One potential outcome is a continued intensification of the US-China rivalry, particularly in the areas of technology and military preparedness. As the US enhances its defense capabilities in response to China’s expanding influence, the global competition for technological supremacy is expected to escalate. This could lead to a new phase in the technological arms race, with both nations vying for leadership in fields like 5G, artificial intelligence, and cybersecurity. The US’s investment in infrastructure and technology as part of this bill could position it to outpace China in critical sectors, particularly if Beijing’s internal challenges, such as economic stagnation and demographic shifts, hinder its capacity to maintain competitive growth.</p>
    
    <p>Another potential scenario is an increasing fragmentation of the global order, as nations respond differently to US-led initiatives. The US’s growing influence in global security matters may provoke resistance from countries that view Washington’s power projection as a threat to their sovereignty. Russia’s actions in Ukraine, for instance, have already prompted a recalibration of European security policies. The US’s strong defense posture could further entrench divisions between Western democracies and authoritarian regimes, leading to a more polarized geopolitical landscape.</p>
    
    <p>On the economic front, the passage of the spending bill could serve as a catalyst for growth in key sectors such as renewable energy and infrastructure. However, the potential risks associated with rising national debt and inflation could undermine the long-term stability of the US economy. Additionally, the global trade environment may experience increased volatility, as countries adjust to the shifting economic dynamics resulting from the US’s strategic priorities.</p>
    
    <h2>Conclusion & Strategic Takeaways</h2>
    <p>The approval of the $1.7 trillion spending bill represents a pivotal moment for US policy, reflecting the country's desire to assert its dominance in both the military and technological arenas. In the short term, the bill strengthens the US's global position, particularly in relation to China and Russia. However, the long-term implications of this spending will depend on how effectively the US can balance its domestic needs with its international ambitions.</p>
    
    <p>For policymakers, businesses, and international organizations, it is crucial to monitor the broader implications of this spending package. The US’s renewed focus on military readiness and technological innovation could create new opportunities in sectors like defense, cybersecurity, and green energy. At the same time, the growing US national debt and the potential for inflationary pressures represent key risks that must be carefully managed.</p>
    
    <p>Strategically, the US must continue to foster strong alliances while addressing internal challenges, such as income inequality and climate change. The path forward will require a delicate balance between projecting power abroad and ensuring the resilience of domestic systems. The key uncertainty remains how global competitors will respond to these developments, as the US faces new challenges on the horizon in an increasingly multipolar world order.</p>
</body>"
